INSERT INTO STUDENTS (INDEX) VALUES (238123);
INSERT INTO STUDENTS (INDEX) VALUES (238124);
INSERT INTO STUDENTS (INDEX) VALUES (238125);
INSERT INTO STUDENTS (INDEX) VALUES (238126);
INSERT INTO STUDENTS (INDEX) VALUES (238127);
INSERT INTO STUDENTS (INDEX) VALUES (238128);


INSERT INTO ENROLLMENT_BLOCKS (ID, NAME, REALIZATION, IS_LIMITED, START_DATE, END_DATE, IS_CORRECTION)
VALUES (1, 'Zapisy Lato 2020/2021', 'LATO 2020/2021', TRUE, '2021-01-30T08:00:00.000', '2021-01-30T22:00:00.000', FALSE);
INSERT INTO ENROLLMENT_BLOCKS (ID, NAME, REALIZATION, IS_LIMITED, START_DATE, END_DATE, IS_CORRECTION)
VALUES (2, 'Korekty zapisów Lato 2020/2021', 'LATO 2020/2021', FALSE, '2021-01-31T08:00:00.000', '2021-02-07T22:00:00.000', TRUE);


INSERT INTO STUDENT_SCHEDULES (STUDENT_INDEX, ENROLLMENT_BLOCK_ID, START_DATE, END_DATE) VALUES (238123, 1, '2021-01-30T08:00:00.000', '2021-01-30T22:00:00.000');
INSERT INTO STUDENT_SCHEDULES (STUDENT_INDEX, ENROLLMENT_BLOCK_ID, START_DATE, END_DATE) VALUES (238124, 1, '2021-01-30T08:15:00.000', '2021-01-30T22:00:00.000');
INSERT INTO STUDENT_SCHEDULES (STUDENT_INDEX, ENROLLMENT_BLOCK_ID, START_DATE, END_DATE) VALUES (238125, 1, '2021-01-30T08:30:00.000', '2021-01-30T22:00:00.000');
INSERT INTO STUDENT_SCHEDULES (STUDENT_INDEX, ENROLLMENT_BLOCK_ID, START_DATE, END_DATE) VALUES (238126, 1, '2021-01-30T08:45:00.000', '2021-01-30T22:00:00.000');
INSERT INTO STUDENT_SCHEDULES (STUDENT_INDEX, ENROLLMENT_BLOCK_ID, START_DATE, END_DATE) VALUES (238127, 1, '2021-01-30T09:00:00.000', '2021-01-30T22:00:00.000');
INSERT INTO STUDENT_SCHEDULES (STUDENT_INDEX, ENROLLMENT_BLOCK_ID, START_DATE, END_DATE) VALUES (238128, 1, '2021-01-30T09:15:00.000', '2021-01-30T22:00:00.000');

INSERT INTO STUDENT_SCHEDULES (STUDENT_INDEX, ENROLLMENT_BLOCK_ID, START_DATE, END_DATE) VALUES (238123, 2, '2021-01-31T08:00:00.000', '2021-02-07T22:00:00.000');
INSERT INTO STUDENT_SCHEDULES (STUDENT_INDEX, ENROLLMENT_BLOCK_ID, START_DATE, END_DATE) VALUES (238124, 2, '2021-01-31T08:00:00.000', '2021-02-07T22:00:00.000');
INSERT INTO STUDENT_SCHEDULES (STUDENT_INDEX, ENROLLMENT_BLOCK_ID, START_DATE, END_DATE) VALUES (238125, 2, '2021-01-31T08:00:00.000', '2021-02-07T22:00:00.000');
INSERT INTO STUDENT_SCHEDULES (STUDENT_INDEX, ENROLLMENT_BLOCK_ID, START_DATE, END_DATE) VALUES (238126, 2, '2021-01-31T08:00:00.000', '2021-02-07T22:00:00.000');
INSERT INTO STUDENT_SCHEDULES (STUDENT_INDEX, ENROLLMENT_BLOCK_ID, START_DATE, END_DATE) VALUES (238127, 2, '2021-01-31T08:00:00.000', '2021-02-07T22:00:00.000');
INSERT INTO STUDENT_SCHEDULES (STUDENT_INDEX, ENROLLMENT_BLOCK_ID, START_DATE, END_DATE) VALUES (238128, 2, '2021-01-31T08:00:00.000', '2021-02-07T22:00:00.000');


INSERT INTO FIELDS_OF_STUDY (CODE, NAME) VALUES ('W8_INF', 'Informatyka stosowana');


INSERT INTO ENROLLMENT_BLOCK_STUDYING_DETAILS (ENROLLMENT_BLOCK_ID, FIELD_OF_STUDY_CODE) VALUES (1, 'W8_INF');
INSERT INTO ENROLLMENT_BLOCK_STUDYING_DETAILS (ENROLLMENT_BLOCK_ID, FIELD_OF_STUDY_CODE) VALUES (2, 'W8_INF');


INSERT INTO STUDYING_DETAILS (STUDENT_INDEX, FIELD_OF_STUDY_CODE, SEMESTER, SEMESTER_TYPE, START_DATE)
VALUES(238123, 'W8_INF', 10, 1, '2020-03-02T00:00:00.000');
INSERT INTO STUDYING_DETAILS (STUDENT_INDEX, FIELD_OF_STUDY_CODE, SEMESTER, SEMESTER_TYPE, START_DATE)
VALUES(238124, 'W8_INF', 10, 1, '2020-03-02T00:00:00.000');
INSERT INTO STUDYING_DETAILS (STUDENT_INDEX, FIELD_OF_STUDY_CODE, SEMESTER, SEMESTER_TYPE, START_DATE)
VALUES(238125, 'W8_INF', 10, 1, '2020-03-02T00:00:00.000');
INSERT INTO STUDYING_DETAILS (STUDENT_INDEX, FIELD_OF_STUDY_CODE, SEMESTER, SEMESTER_TYPE, START_DATE)
VALUES(238126, 'W8_INF', 10, 1, '2020-03-02T00:00:00.000');
INSERT INTO STUDYING_DETAILS (STUDENT_INDEX, FIELD_OF_STUDY_CODE, SEMESTER, SEMESTER_TYPE, START_DATE)
VALUES(238127, 'W8_INF', 10, 1, '2020-03-02T00:00:00.000');
INSERT INTO STUDYING_DETAILS (STUDENT_INDEX, FIELD_OF_STUDY_CODE, SEMESTER, SEMESTER_TYPE, START_DATE)
VALUES(238128, 'W8_INF', 10, 1, '2020-03-02T00:00:00.000');


INSERT INTO EDUCATION_PLANS (ID, VALID_FROM, FIELD_OF_STUDY_CODE) VALUES (1, '2020-03-02T00:00:00.000', 'W8_INF');


INSERT INTO COURSES (CODE, NAME, PLANNED_SEMESTER_OF_REALIZATION, SEMESTER_TYPE, FORM_OF_CLASSES, IS_UNIVERSITY_WIDE, IS_SELECTABLE, NAME_OF_SELECTABLE_MODULE, NUMBER_OF_ECTS)
VALUES ('INZ002380D', 'Praca dyplomowa II', 10, 1, 5, 0, 0, NULL, 18);
INSERT INTO COURSES (CODE, NAME, PLANNED_SEMESTER_OF_REALIZATION, SEMESTER_TYPE, FORM_OF_CLASSES, IS_UNIVERSITY_WIDE, IS_SELECTABLE, NAME_OF_SELECTABLE_MODULE, NUMBER_OF_ECTS)
VALUES ('INZ002381S', 'Seminarium dyplomowe', 10, 1, 4, 0, 0, NULL, 2);
INSERT INTO COURSES (CODE, NAME, PLANNED_SEMESTER_OF_REALIZATION, SEMESTER_TYPE, FORM_OF_CLASSES, IS_UNIVERSITY_WIDE, IS_SELECTABLE, NAME_OF_SELECTABLE_MODULE, NUMBER_OF_ECTS)
VALUES ('INZ002419P', 'Przetwarzanie dużych zbiorów danych', 10, 1, 3, 0, 0, NULL, 3);
INSERT INTO COURSES (CODE, NAME, PLANNED_SEMESTER_OF_REALIZATION, SEMESTER_TYPE, FORM_OF_CLASSES, IS_UNIVERSITY_WIDE, IS_SELECTABLE, NAME_OF_SELECTABLE_MODULE, NUMBER_OF_ECTS)
VALUES ('INZ002419W', 'Przetwarzanie dużych zbiorów danych', 10, 1, 1, 0, 0, NULL, 2);
INSERT INTO COURSES (CODE, NAME, PLANNED_SEMESTER_OF_REALIZATION, SEMESTER_TYPE, FORM_OF_CLASSES, IS_UNIVERSITY_WIDE, IS_SELECTABLE, NAME_OF_SELECTABLE_MODULE, NUMBER_OF_ECTS)
VALUES ('INZ002422P', 'Systemy wyszukiwania informacji', 10, 1, 3, 0, 0, NULL, 2);
INSERT INTO COURSES (CODE, NAME, PLANNED_SEMESTER_OF_REALIZATION, SEMESTER_TYPE, FORM_OF_CLASSES, IS_UNIVERSITY_WIDE, IS_SELECTABLE, NAME_OF_SELECTABLE_MODULE, NUMBER_OF_ECTS)
VALUES ('INZ002422W', 'Systemy wyszukiwania informacji', 10, 1, 1, 0, 0, NULL, 1);
INSERT INTO COURSES (CODE, NAME, PLANNED_SEMESTER_OF_REALIZATION, SEMESTER_TYPE, FORM_OF_CLASSES, IS_UNIVERSITY_WIDE, IS_SELECTABLE, NAME_OF_SELECTABLE_MODULE, NUMBER_OF_ECTS)
VALUES ('INZ003965S', 'Etyka nowych technologii', 10, 1, 4, 0, 0, NULL, 2);
INSERT INTO COURSES (CODE, NAME, PLANNED_SEMESTER_OF_REALIZATION, SEMESTER_TYPE, FORM_OF_CLASSES, IS_UNIVERSITY_WIDE, IS_SELECTABLE, NAME_OF_SELECTABLE_MODULE, NUMBER_OF_ECTS)
VALUES ('INZ004456L', 'Progr. współbieżne i funkcyjne', 8, 1, 0, 0, 0, NULL, 3);


INSERT INTO EDUCATION_PLAN_COURSES (EDUCATION_PLAN_ID, COURSE_CODE) VALUES (1, 'INZ002380D');
INSERT INTO EDUCATION_PLAN_COURSES (EDUCATION_PLAN_ID, COURSE_CODE) VALUES (1, 'INZ002381S');
INSERT INTO EDUCATION_PLAN_COURSES (EDUCATION_PLAN_ID, COURSE_CODE) VALUES (1, 'INZ002419P');
INSERT INTO EDUCATION_PLAN_COURSES (EDUCATION_PLAN_ID, COURSE_CODE) VALUES (1, 'INZ002419W');
INSERT INTO EDUCATION_PLAN_COURSES (EDUCATION_PLAN_ID, COURSE_CODE) VALUES (1, 'INZ002422P');
INSERT INTO EDUCATION_PLAN_COURSES (EDUCATION_PLAN_ID, COURSE_CODE) VALUES (1, 'INZ002422W');
INSERT INTO EDUCATION_PLAN_COURSES (EDUCATION_PLAN_ID, COURSE_CODE) VALUES (1, 'INZ003965S');
INSERT INTO EDUCATION_PLAN_COURSES (EDUCATION_PLAN_ID, COURSE_CODE) VALUES (1, 'INZ004456L');


INSERT INTO STUDENT_COURSES (STUDENT_INDEX, COURSE_CODE, COURSE_STATUS, ENROLLMENT_PERMISSION) VALUES (238123, 'INZ002380D', 2, 1);
INSERT INTO STUDENT_COURSES (STUDENT_INDEX, COURSE_CODE, COURSE_STATUS, ENROLLMENT_PERMISSION) VALUES (238123, 'INZ002381S', 2, 1);
INSERT INTO STUDENT_COURSES (STUDENT_INDEX, COURSE_CODE, COURSE_STATUS, ENROLLMENT_PERMISSION) VALUES (238123, 'INZ002419P', 2, 1);
INSERT INTO STUDENT_COURSES (STUDENT_INDEX, COURSE_CODE, COURSE_STATUS, ENROLLMENT_PERMISSION) VALUES (238123, 'INZ002419W', 2, 1);
INSERT INTO STUDENT_COURSES (STUDENT_INDEX, COURSE_CODE, COURSE_STATUS, ENROLLMENT_PERMISSION) VALUES (238123, 'INZ002422P', 2, 1);
INSERT INTO STUDENT_COURSES (STUDENT_INDEX, COURSE_CODE, COURSE_STATUS, ENROLLMENT_PERMISSION) VALUES (238123, 'INZ002422W', 2, 1);
INSERT INTO STUDENT_COURSES (STUDENT_INDEX, COURSE_CODE, COURSE_STATUS, ENROLLMENT_PERMISSION) VALUES (238123, 'INZ003965S', 2, 1);
INSERT INTO STUDENT_COURSES (STUDENT_INDEX, COURSE_CODE, COURSE_STATUS, ENROLLMENT_PERMISSION) VALUES (238123, 'INZ004456L', 1, 1);


INSERT INTO LECTURERS (ID, TITLE, NAME, SURNAME) VALUES (1, 'dr', 'Janusz', 'Szpak');
INSERT INTO LECTURERS (ID, TITLE, NAME, SURNAME) VALUES (2, 'inż.', 'Mariusz', 'Dzięcioł');
INSERT INTO LECTURERS (ID, TITLE, NAME, SURNAME) VALUES (3, 'mgr inż.', 'Paweł', 'Sokół');
INSERT INTO LECTURERS (ID, TITLE, NAME, SURNAME) VALUES (4, 'dr inż.', 'Alicja', 'Jaskółka');
INSERT INTO LECTURERS (ID, TITLE, NAME, SURNAME) VALUES (5, 'inż.', 'Maciej', 'Wróbel');
INSERT INTO LECTURERS (ID, TITLE, NAME, SURNAME) VALUES (6, 'inż.', 'Bartosz', 'Gawron');


INSERT INTO GROUPS (CODE, REALIZATION, DAY_OF_WEEK, HOUR, MINUTE, DURATION, PARITY, LIMIT_OF_PLACES, PLACE, COURSE_CODE)
VALUES ('Z01-01a', 'LATO 2020/2021', -1, -1, -1, -1, NULL, 5, 'Bez sali', 'INZ002380D');
INSERT INTO GROUPS (CODE, REALIZATION, DAY_OF_WEEK, HOUR, MINUTE, DURATION, PARITY, LIMIT_OF_PLACES, PLACE, COURSE_CODE)
VALUES ('Z01-02a', 'LATO 2020/2021', -1, -1, -1, -1, NULL, 5, 'Bez sali', 'INZ002380D');

INSERT INTO GROUPS (CODE, REALIZATION, DAY_OF_WEEK, HOUR, MINUTE, DURATION, PARITY, LIMIT_OF_PLACES, PLACE, COURSE_CODE)
VALUES ('Z01-01b', 'LATO 2020/2021', 0, 15, 15, 90, 2, 15, 'B4 s.414', 'INZ002381S');
INSERT INTO GROUPS (CODE, REALIZATION, DAY_OF_WEEK, HOUR, MINUTE, DURATION, PARITY, LIMIT_OF_PLACES, PLACE, COURSE_CODE)
VALUES ('Z01-02b', 'LATO 2020/2021', 0, 17, 5, 90, 2, 15, 'B4 s.414', 'INZ002381S');
INSERT INTO GROUPS (CODE, REALIZATION, DAY_OF_WEEK, HOUR, MINUTE, DURATION, PARITY, LIMIT_OF_PLACES, PLACE, COURSE_CODE)
VALUES ('Z01-03b', 'LATO 2020/2021', 0, 18, 55, 90, 2, 15, 'B4 s.414', 'INZ002381S');

INSERT INTO GROUPS (CODE, REALIZATION, DAY_OF_WEEK, HOUR, MINUTE, DURATION, PARITY, LIMIT_OF_PLACES, PLACE, COURSE_CODE)
VALUES ('Z01-01c', 'LATO 2020/2021', 1, 15, 15, 90, 2, 15, 'D1 s.329', 'INZ002419P');
INSERT INTO GROUPS (CODE, REALIZATION, DAY_OF_WEEK, HOUR, MINUTE, DURATION, PARITY, LIMIT_OF_PLACES, PLACE, COURSE_CODE)
VALUES ('Z01-02c', 'LATO 2020/2021', 1, 17, 5, 90, 2, 15, 'D1 s.329', 'INZ002419P');
INSERT INTO GROUPS (CODE, REALIZATION, DAY_OF_WEEK, HOUR, MINUTE, DURATION, PARITY, LIMIT_OF_PLACES, PLACE, COURSE_CODE)
VALUES ('Z01-03c', 'LATO 2020/2021', 1, 18, 55, 90, 2, 15, 'D1 s.329', 'INZ002419P');

INSERT INTO GROUPS (CODE, REALIZATION, DAY_OF_WEEK, HOUR, MINUTE, DURATION, PARITY, LIMIT_OF_PLACES, PLACE, COURSE_CODE)
VALUES ('Z01-01d', 'LATO 2020/2021', 0, 9, 15, 90, 2, 45, 'D1 s.207', 'INZ002419W');

INSERT INTO GROUPS (CODE, REALIZATION, DAY_OF_WEEK, HOUR, MINUTE, DURATION, PARITY, LIMIT_OF_PLACES, PLACE, COURSE_CODE)
VALUES ('Z01-01e', 'LATO 2020/2021', 2, 15, 15, 90, 2, 15, 'D1 s.329', 'INZ002422P');
INSERT INTO GROUPS (CODE, REALIZATION, DAY_OF_WEEK, HOUR, MINUTE, DURATION, PARITY, LIMIT_OF_PLACES, PLACE, COURSE_CODE)
VALUES ('Z01-02e', 'LATO 2020/2021', 2, 17, 5, 90, 2, 15, 'D1 s.329', 'INZ002422P');
INSERT INTO GROUPS (CODE, REALIZATION, DAY_OF_WEEK, HOUR, MINUTE, DURATION, PARITY, LIMIT_OF_PLACES, PLACE, COURSE_CODE)
VALUES ('Z01-03e', 'LATO 2020/2021', 2, 18, 55, 90, 2, 15, 'D1 s.329', 'INZ002422P');

INSERT INTO GROUPS (CODE, REALIZATION, DAY_OF_WEEK, HOUR, MINUTE, DURATION, PARITY, LIMIT_OF_PLACES, PLACE, COURSE_CODE)
VALUES ('Z01-01f', 'LATO 2020/2021', 3, 11, 15, 90, 2, 15, 'D1 s.207', 'INZ002422W');

INSERT INTO GROUPS (CODE, REALIZATION, DAY_OF_WEEK, HOUR, MINUTE, DURATION, PARITY, LIMIT_OF_PLACES, PLACE, COURSE_CODE)
VALUES ('Z01-01g', 'LATO 2020/2021', 4, 15, 15, 90, 2, 15, 'D1 s.329', 'INZ003965S');
INSERT INTO GROUPS (CODE, REALIZATION, DAY_OF_WEEK, HOUR, MINUTE, DURATION, PARITY, LIMIT_OF_PLACES, PLACE, COURSE_CODE)
VALUES ('Z01-02g', 'LATO 2020/2021', 4, 17, 5, 90, 2, 15, 'D1 s.329', 'INZ003965S');
INSERT INTO GROUPS (CODE, REALIZATION, DAY_OF_WEEK, HOUR, MINUTE, DURATION, PARITY, LIMIT_OF_PLACES, PLACE, COURSE_CODE)
VALUES ('Z01-03g', 'LATO 2020/2021', 4, 18, 55, 90, 2, 15, 'D1 s.329', 'INZ003965S');

INSERT INTO GROUPS (CODE, REALIZATION, DAY_OF_WEEK, HOUR, MINUTE, DURATION, PARITY, LIMIT_OF_PLACES, PLACE, COURSE_CODE)
VALUES ('Z01-01h', 'LATO 2020/2021', 4, 7, 30, 90, 2, 15, 'D1 s.329', 'INZ004456L');
INSERT INTO GROUPS (CODE, REALIZATION, DAY_OF_WEEK, HOUR, MINUTE, DURATION, PARITY, LIMIT_OF_PLACES, PLACE, COURSE_CODE)
VALUES ('Z01-02h', 'LATO 2020/2021', 4, 9, 15, 90, 2, 15, 'D1 s.329', 'INZ004456L');
INSERT INTO GROUPS (CODE, REALIZATION, DAY_OF_WEEK, HOUR, MINUTE, DURATION, PARITY, LIMIT_OF_PLACES, PLACE, COURSE_CODE)
VALUES ('Z01-03h', 'LATO 2020/2021', 4, 11, 15, 90, 2, 15, 'D1 s.329', 'INZ004456L');


INSERT INTO GROUP_LECTURERS (GROUP_CODE, LECTURER_ID) VALUES ('Z01-01a', 1);
INSERT INTO GROUP_LECTURERS (GROUP_CODE, LECTURER_ID) VALUES ('Z01-02a', 4);

INSERT INTO GROUP_LECTURERS (GROUP_CODE, LECTURER_ID) VALUES ('Z01-01b', 1);
INSERT INTO GROUP_LECTURERS (GROUP_CODE, LECTURER_ID) VALUES ('Z01-02b', 1);
INSERT INTO GROUP_LECTURERS (GROUP_CODE, LECTURER_ID) VALUES ('Z01-03b', 1);

INSERT INTO GROUP_LECTURERS (GROUP_CODE, LECTURER_ID) VALUES ('Z01-01c', 5);
INSERT INTO GROUP_LECTURERS (GROUP_CODE, LECTURER_ID) VALUES ('Z01-02c', 5);
INSERT INTO GROUP_LECTURERS (GROUP_CODE, LECTURER_ID) VALUES ('Z01-03c', 5);

INSERT INTO GROUP_LECTURERS (GROUP_CODE, LECTURER_ID) VALUES ('Z01-01d', 4);

INSERT INTO GROUP_LECTURERS (GROUP_CODE, LECTURER_ID) VALUES ('Z01-01e', 2);
INSERT INTO GROUP_LECTURERS (GROUP_CODE, LECTURER_ID) VALUES ('Z01-02e', 2);
INSERT INTO GROUP_LECTURERS (GROUP_CODE, LECTURER_ID) VALUES ('Z01-03e', 2);

INSERT INTO GROUP_LECTURERS (GROUP_CODE, LECTURER_ID) VALUES ('Z01-01f', 1);

INSERT INTO GROUP_LECTURERS (GROUP_CODE, LECTURER_ID) VALUES ('Z01-01g', 3);
INSERT INTO GROUP_LECTURERS (GROUP_CODE, LECTURER_ID) VALUES ('Z01-02g', 3);
INSERT INTO GROUP_LECTURERS (GROUP_CODE, LECTURER_ID) VALUES ('Z01-03g', 3);

INSERT INTO GROUP_LECTURERS (GROUP_CODE, LECTURER_ID) VALUES ('Z01-01h', 6);
INSERT INTO GROUP_LECTURERS (GROUP_CODE, LECTURER_ID) VALUES ('Z01-02h', 6);
INSERT INTO GROUP_LECTURERS (GROUP_CODE, LECTURER_ID) VALUES ('Z01-03h', 6);


INSERT INTO ENROLLMENTS (STUDENT_INDEX, GROUP_CODE, ENROLLMENT_MODE, ENROLLMENT_DATE)
VALUES (238124, 'Z01-01a', 2, '2021-01-29T12:30:00.000');
INSERT INTO ENROLLMENTS (STUDENT_INDEX, GROUP_CODE, ENROLLMENT_MODE, ENROLLMENT_DATE)
VALUES (238125, 'Z01-01a', 2, '2021-01-29T12:30:00.000');
INSERT INTO ENROLLMENTS (STUDENT_INDEX, GROUP_CODE, ENROLLMENT_MODE, ENROLLMENT_DATE)
VALUES (238126, 'Z01-01a', 2, '2021-01-29T12:30:00.000');
INSERT INTO ENROLLMENTS (STUDENT_INDEX, GROUP_CODE, ENROLLMENT_MODE, ENROLLMENT_DATE)
VALUES (238127, 'Z01-01a', 2, '2021-01-29T12:30:00.000');
INSERT INTO ENROLLMENTS (STUDENT_INDEX, GROUP_CODE, ENROLLMENT_MODE, ENROLLMENT_DATE)
VALUES (238128, 'Z01-01a', 2, '2021-01-29T12:30:00.000');
