INSERT INTO STUDENTS (INDEX) VALUES (238123);
INSERT INTO STUDENTS (INDEX) VALUES (238124);


INSERT INTO ENROLLMENT_BLOCKS (ID, NAME, IS_LIMITED, START_DATE, END_DATE, IS_CORRECTION)
VALUES (1, 'Zapisy Lato 2020/2021', TRUE, '2021-01-15T08:00:00.000', '2021-01-15T22:00:00.000', FALSE);


INSERT INTO STUDENT_SCHEDULES (STUDENT_INDEX, ENROLLMENT_BLOCK_ID, START_DATE, END_DATE) VALUES (238123, 1, '2021-01-15T08:15:00.000', '2021-01-15T22:00:00.000');
INSERT INTO STUDENT_SCHEDULES (STUDENT_INDEX, ENROLLMENT_BLOCK_ID, START_DATE, END_DATE) VALUES (238124, 1, '2021-01-15T08:30:00.000', '2021-01-15T22:00:00.000');


INSERT INTO FIELDS_OF_STUDY (CODE, NAME) VALUES ('W8_INF', 'Informatyka stosowana');
INSERT INTO FIELDS_OF_STUDY (CODE, NAME) VALUES ('W8_ZARZ', 'Zarządzanie');


INSERT INTO ENROLLMENT_BLOCK_STUDYING_DETAILS (ENROLLMENT_BLOCK_ID, FIELD_OF_STUDY_CODE) VALUES (1, 'W8_INF');
INSERT INTO ENROLLMENT_BLOCK_STUDYING_DETAILS (ENROLLMENT_BLOCK_ID, FIELD_OF_STUDY_CODE) VALUES (1, 'W8_ZARZ');


INSERT INTO STUDYING_DETAILS (STUDENT_INDEX, FIELD_OF_STUDY_CODE, SEMESTER, SEMESTER_TYPE, START_DATE)
VALUES(238123, 'W8_INF', 10, 1, '2020-03-02T00:00:00.000');
INSERT INTO STUDYING_DETAILS (STUDENT_INDEX, FIELD_OF_STUDY_CODE, SEMESTER, SEMESTER_TYPE, START_DATE)
VALUES(238123, 'W8_ZARZ', 10, 1, '2020-03-02T00:00:00.000');
INSERT INTO STUDYING_DETAILS (STUDENT_INDEX, FIELD_OF_STUDY_CODE, SEMESTER, SEMESTER_TYPE, START_DATE)
VALUES(238124, 'W8_INF', 10, 1, '2020-03-02T00:00:00.000');
INSERT INTO STUDYING_DETAILS (STUDENT_INDEX, FIELD_OF_STUDY_CODE, SEMESTER, SEMESTER_TYPE, START_DATE)
VALUES(238124, 'W8_ZARZ', 8, 1, '2021-03-01T00:00:00.000');


INSERT INTO EDUCATION_PLANS (ID, VALID_FROM, FIELD_OF_STUDY_CODE) VALUES (1, '2020-03-02T00:00:00.000', 'W8_INF');
INSERT INTO EDUCATION_PLANS (ID, VALID_FROM, FIELD_OF_STUDY_CODE) VALUES (2, '2020-03-02T00:00:00.000', 'W8_ZARZ');
INSERT INTO EDUCATION_PLANS (ID, VALID_FROM, FIELD_OF_STUDY_CODE) VALUES (3, '2021-03-01T00:00:00.000', 'W8_ZARZ');


INSERT INTO COURSES (CODE, NAME, PLANNED_SEMESTER_OF_REALIZATION, SEMESTER_TYPE, FORM_OF_CLASSES, IS_UNIVERSITY_WIDE, IS_SELECTABLE, NAME_OF_SELECTABLE_MODULE, NUMBER_OF_ECTS)
VALUES ('W8-ANMAT-W', 'Analiza matematyczna', 10, 1, 1, 0, 0, NULL, 4);
INSERT INTO COURSES (CODE, NAME, PLANNED_SEMESTER_OF_REALIZATION, SEMESTER_TYPE, FORM_OF_CLASSES, IS_UNIVERSITY_WIDE, IS_SELECTABLE, NAME_OF_SELECTABLE_MODULE, NUMBER_OF_ECTS)
VALUES ('W8-ANMAT-CW', 'Analiza matematyczna', 10, 1, 2, 0, 0, NULL, 4);


INSERT INTO EDUCATION_PLAN_COURSES (EDUCATION_PLAN_ID, COURSE_CODE) VALUES (1, 'W8-ANMAT-W');
INSERT INTO EDUCATION_PLAN_COURSES (EDUCATION_PLAN_ID, COURSE_CODE) VALUES (1, 'W8-ANMAT-CW');


INSERT INTO STUDENT_COURSES (STUDENT_INDEX, COURSE_CODE, COURSE_STATUS, ENROLLMENT_PERMISSION) VALUES (238123, 'W8-ANMAT-W', 2, 1);
INSERT INTO STUDENT_COURSES (STUDENT_INDEX, COURSE_CODE, COURSE_STATUS, ENROLLMENT_PERMISSION) VALUES (238123, 'W8-ANMAT-CW', 2, 1);
