INSERT INTO STUDENTS (INDEX) VALUES (238123);
INSERT INTO STUDENTS (INDEX) VALUES (238124);


INSERT INTO ENROLLMENT_BLOCKS (ID, NAME, IS_LIMITED, START_DATE, END_DATE, IS_CORRECTION)
VALUES (1, 'Zapisy Lato 2020/2021', TRUE, '2021-01-15T08:00:00.000', '2021-01-15T22:00:00.000', FALSE);


INSERT INTO STUDENT_SCHEDULES (STUDENT_INDEX, ENROLLMENT_BLOCK_ID, START_DATE, END_DATE) VALUES (238123, 1, '2021-01-15T08:15:00.000', '2021-01-15T22:00:00.000');
INSERT INTO STUDENT_SCHEDULES (STUDENT_INDEX, ENROLLMENT_BLOCK_ID, START_DATE, END_DATE) VALUES (238124, 1, '2021-01-15T08:30:00.000', '2021-01-15T22:00:00.000');


INSERT INTO FIELDS_OF_STUDY (CODE, NAME) VALUES ('2020_W8_INF', 'Informatyka stosowana');
INSERT INTO FIELDS_OF_STUDY (CODE, NAME) VALUES ('2020_W8_ZARZ', 'Zarządzanie');


INSERT INTO ENROLLMENT_BLOCK_STUDYING_DETAILS (ENROLLMENT_BLOCK_ID, FIELD_OF_STUDY_CODE) VALUES (1, '2020_W8_INF');
INSERT INTO ENROLLMENT_BLOCK_STUDYING_DETAILS (ENROLLMENT_BLOCK_ID, FIELD_OF_STUDY_CODE) VALUES (1, '2020_W8_ZARZ');


INSERT INTO STUDYING_DETAILS (STUDENT_INDEX, FIELD_OF_STUDY_CODE, SEMESTER, SEMESTER_TYPE, START_DATE)
VALUES(238123, '2020_W8_INF', 10, 'Letni', '2020-03-02T00:00:00.000');
INSERT INTO STUDYING_DETAILS (STUDENT_INDEX, FIELD_OF_STUDY_CODE, SEMESTER, SEMESTER_TYPE, START_DATE)
VALUES(238123, '2020_W8_ZARZ', 10, 'Letni', '2020-03-02T00:00:00.000');
INSERT INTO STUDYING_DETAILS (STUDENT_INDEX, FIELD_OF_STUDY_CODE, SEMESTER, SEMESTER_TYPE, START_DATE)
VALUES(238124, '2020_W8_INF', 10, 'Letni', '2020-03-02T00:00:00.000');
INSERT INTO STUDYING_DETAILS (STUDENT_INDEX, FIELD_OF_STUDY_CODE, SEMESTER, SEMESTER_TYPE, START_DATE)
VALUES(238124, '2020_W8_ZARZ', 8, 'Letni', '2021-03-01T00:00:00.000');
